type,name,module,path,hash
"csv","agent-manifest","_cfg","bmad/_cfg/agent-manifest.csv","18b97793c082364cfa727bacbc5530a2c406d3063250c83919ca171dd1998529"
"csv","task-manifest","_cfg","bmad/_cfg/task-manifest.csv","46f98b1753914dc6193c9ca8b6427fadc9a6d71747cdc8f5159792576c004b60"
"csv","workflow-manifest","_cfg","bmad/_cfg/workflow-manifest.csv","4dd5fac1d05b113f619abebcad751ea9e098f4de9aa9d0189f344665e9297337"
"yaml","manifest","_cfg","bmad/_cfg/manifest.yaml","d275223d683f76fa32980d9221c6ad8cff59b656d63615a1297d04b4caf58476"
"csv","documentation-requirements","bmm","bmad/bmm/workflows/1-analysis/document-project/documentation-requirements.csv","efc91d54787939a2dd2c22400e6b9b6f58835a741ea557e8971b5b333ce666e8"
"csv","game-brain-methods","bmm","bmad/bmm/workflows/1-analysis/brainstorm-game/game-brain-methods.csv","f6fb96d2134a941ad0dd6cbdcb7bdcc01b7c04b1009e196cf859fc330f843bdb"
"csv","game-types","bmm","bmad/bmm/workflows/2-plan-workflows/gdd/game-types.csv","4f4a61090a084188178340aa08edaa8f3a08029bac7f01f23f228723b9524a59"
"csv","project-types","bmm","bmad/bmm/workflows/3-solutioning/project-types/project-types.csv","612965a9499e247e42cff97b1090f9a51aafca2a3a945ddb5f4312a11da04c82"
"csv","registry","bmm","bmad/bmm/workflows/3-solutioning/templates/registry.csv","d6b3611fc60d2ce45abca3b9cbd2ce8308005ffc913c9bc19df7b180accdd249"
"csv","tea-index","bmm","bmad/bmm/testarch/tea-index.csv","c32cbfe439e58556a0ee366988c5447e2c415a325c4e2599c5e3f0c8ae8899a9"
"json","project-scan-report-schema","bmm","bmad/bmm/workflows/1-analysis/document-project/templates/project-scan-report-schema.json","4c27adf9407907f31150d03d233f782f165aae9f754ecfa5532d0eed36c8bc94"
"md","action-platformer","bmm","bmad/bmm/workflows/2-plan-workflows/gdd/game-types/action-platformer.md","f711632d2a1067243347cfa5686488377421b8a0337e32ab06031c7d1051cb76"
"md","ADR-template","bmm","bmad/bmm/workflows/3-solutioning/ADR-template.md","83fc881ef37fd8f8d8c8ad5d2acfb8e675a2aedd82c498a80f429cba45ed0428"
"md","adventure","bmm","bmad/bmm/workflows/2-plan-workflows/gdd/game-types/adventure.md","2a242677235821099af6adcfc4a17dbeabe9ad914fb5c4599eab4f8691c86402"
"md","analyst","bmm","bmad/bmm/agents/analyst.md","158f07fbbafada107e21607c992d4ab6d23556e6346c4d7c684d013112b74578"
"md","api-documenter","bmm","bmad/bmm/sub-modules/claude-code/sub-agents/bmad-analysis/api-documenter.md","34e5dc7ba546dd3ffd9de2af581e0b7b73ba898d8c90293a65b9bbcc87ee5933"
"md","architect","bmm","bmad/bmm/agents/architect.md","1f56ae06fe02581287663115f8b784413179f1fc75495a129c33d29284526e77"
"md","atdd-checklist-template","bmm","bmad/bmm/workflows/testarch/atdd/atdd-checklist-template.md","ba0c8abfcc3c2912eb1a93df55226982a5f325a187e1339b5dd77a6927eeafeb"
"md","backend-questions","bmm","bmad/bmm/workflows/3-solutioning/project-types/backend-questions.md","a82d6cbb4d90c1c5ba65bf968d4ecbabf731a13c462f3b1f3e976690f65251c8"
"md","backend-service-architecture","bmm","bmad/bmm/workflows/3-solutioning/templates/backend-service-architecture.md","ef2f719601e33e2c1012428c60787a46ea4cef8b4ae2bd49f6c1639d7aa7eee5"
"md","backlog_template","bmm","bmad/bmm/workflows/4-implementation/review-story/backlog_template.md","42c4a61b30a8d1bfc670934db31622097b679ceee80f7744de823a77fa6ccd42"
"md","bmm-competitor-analyzer","bmm","bmad/bmm/workflows/1-analysis/research/claude-code/sub-agents/bmm-competitor-analyzer.md","e5b1ab7308b0d9522256aa95a81ed7d97b401dd18132c3b05e6f2204d65236e2"
"md","bmm-data-analyst","bmm","bmad/bmm/workflows/1-analysis/research/claude-code/sub-agents/bmm-data-analyst.md","0ecd681fa55c70a67432683b40ac1473df6787cf37fd6aea6e4295463e64dea9"
"md","bmm-market-researcher","bmm","bmad/bmm/workflows/1-analysis/research/claude-code/sub-agents/bmm-market-researcher.md","6b751f9f7156570b6df805aaaff0f1a3f0c182193855caef8c5caa67e6447af3"
"md","bmm-trend-spotter","bmm","bmad/bmm/workflows/1-analysis/research/claude-code/sub-agents/bmm-trend-spotter.md","84d31c0cb5233bdfb4cd2392c98a7821ffdb919e5b59bf3415a9c401ec9adfcf"
"md","bmm-user-researcher","bmm","bmad/bmm/workflows/1-analysis/research/claude-code/sub-agents/bmm-user-researcher.md","508357c93fa5ba4b4d98d5ea199f3dc256db4e3ac8abb0f7f3da653c8f749a9d"
"md","bmm-workflow-status-template","bmm","bmad/bmm/workflows/1-analysis/workflow-status/bmm-workflow-status-template.md","2f82510b6e6d7153b4a742b622dfaa86e0f1310edb7008686187a4dee7106575"
"md","card-game","bmm","bmad/bmm/workflows/2-plan-workflows/gdd/game-types/card-game.md","63a72a7cd8e9c15ff0778ca2af49ee146daf7a8d0772f83afc6e8421b088b1fd"
"md","checklist","bmm","bmad/bmm/workflows/1-analysis/document-project/checklist.md","e552c0566213cec03a0e3381892386a884ddb5c3b036c9d678905360a0284999"
"md","checklist","bmm","bmad/bmm/workflows/1-analysis/game-brief/checklist.md","ddb4129f1f7474f25e78a4836410d6b3432ee5c6344414647ce3c8c3af1c56f5"
"md","checklist","bmm","bmad/bmm/workflows/1-analysis/product-brief/checklist.md","4b3211448c246d2313d5e6a3f38421ec846fcfb6dd4abd86fb99b156ad02eb2b"
"md","checklist","bmm","bmad/bmm/workflows/1-analysis/research/checklist.md","adfa3df84e7a10e36482410b03c50832bf8fc9c5df2fd9c8ac707fe08b768f29"
"md","checklist","bmm","bmad/bmm/workflows/2-plan-workflows/gdd/checklist.md","43da9cadbca5dc6a18f998560ac85cb471ebf265ed1fc292b30b5e5046f424a2"
"md","checklist","bmm","bmad/bmm/workflows/2-plan-workflows/narrative/checklist.md","e780d2703a61e6f9b6bdf0d624671140a9b93e42cdf9dcd521f41d5a7be9f967"
"md","checklist","bmm","bmad/bmm/workflows/2-plan-workflows/prd/checklist.md","62441e4f3aea74b6389aa5566df705f6563691f8ec76412c3bc94b2cfcda2ba3"
"md","checklist","bmm","bmad/bmm/workflows/2-plan-workflows/tech-spec/checklist.md","28163964052c3ccea415cf2839a8c415340f2edb7165d072df84c1682d07b424"
"md","checklist","bmm","bmad/bmm/workflows/2-plan-workflows/ux/checklist.md","ee6947b7f9b49a82ea16f0a908ea46f0696e16161598fdf00fe6401453d365c7"
"md","checklist","bmm","bmad/bmm/workflows/3-solutioning/checklist.md","8ebbfa168e2fef017ca85a4ab63d03ecad963df830b87d6a2979d80216e94c03"
"md","checklist","bmm","bmad/bmm/workflows/3-solutioning/tech-spec/checklist.md","2ee4be7c6021d30d95546fceb2ccc849aab4c96aa37e487cece4824b17a7b3ce"
"md","checklist","bmm","bmad/bmm/workflows/4-implementation/correct-course/checklist.md","cf59fe643eeba9acbfa895e32fc310a1c0f7f932003196645b4a1fd79c873b87"
"md","checklist","bmm","bmad/bmm/workflows/4-implementation/create-story/checklist.md","0ed5fc14d9367e407a49174d2ed5216e2965ef72e3c69d03318b5dccdb6e79c6"
"md","checklist","bmm","bmad/bmm/workflows/4-implementation/dev-story/checklist.md","3aa8e1ab8ed440d56c43218f705993748fe4725a84d514ada19689cef786e41a"
"md","checklist","bmm","bmad/bmm/workflows/4-implementation/review-story/checklist.md","db1b413bbdce4f490906a11c1be889f44f7833ca54c9785098fa8fa566168e3c"
"md","checklist","bmm","bmad/bmm/workflows/4-implementation/story-context/checklist.md","2fa22240b9c6eb716b35e99f25be3d84adfc134466dee75b75b5aa4a46263843"
"md","checklist","bmm","bmad/bmm/workflows/testarch/atdd/checklist.md","10835403aae2bf2f4c90558a139e0d36e07edac71072966a2d54fb4518ca1a98"
"md","checklist","bmm","bmad/bmm/workflows/testarch/automate/checklist.md","034025f155c51cc8ce970041b34720996b8a7232991a36ea378e229b4ebf855c"
"md","checklist","bmm","bmad/bmm/workflows/testarch/ci/checklist.md","be9d7c09baa1f365b1b81188aeccf41cbbf7863a055d4cf1fadbd3fee1b970d2"
"md","checklist","bmm","bmad/bmm/workflows/testarch/framework/checklist.md","6a59d985815da342003d6d37ee04a9a35cd862093f5ff6cd36fb33d0fdc4d3b0"
"md","checklist","bmm","bmad/bmm/workflows/testarch/nfr-assess/checklist.md","cd3a06a4c36557f28d93fb78766c96fb39db57c399187a26f056ebd63ef7de74"
"md","checklist","bmm","bmad/bmm/workflows/testarch/test-design/checklist.md","36d04dc34118cf67cd94a0a844a9f8226a17029bd544a73fe95d434a407ed157"
"md","checklist","bmm","bmad/bmm/workflows/testarch/test-review/checklist.md","4513e00ce1966b81432b494bc5954122851da51b170a3fc55ad3872aec37c929"
"md","checklist","bmm","bmad/bmm/workflows/testarch/trace/checklist.md","58d75317202230e58e43adb9b711f2bba4a5e0ea1ad5c1ab4b8a9064ed007625"
"md","ci-burn-in","bmm","bmad/bmm/testarch/knowledge/ci-burn-in.md","d1688040c43d23a638a627c8544c24cbcf410e4e19af5158c09155d832addd4d"
"md","cli-questions","bmm","bmad/bmm/workflows/3-solutioning/project-types/cli-questions.md","65969084ead0b7f371eadd30df82ad7c2631b8ef6b6b82b767d0c5c9a31cd655"
"md","cli-tool-architecture","bmm","bmad/bmm/workflows/3-solutioning/templates/cli-tool-architecture.md","ef2f719601e33e2c1012428c60787a46ea4cef8b4ae2bd49f6c1639d7aa7eee5"
"md","codebase-analyzer","bmm","bmad/bmm/sub-modules/claude-code/sub-agents/bmad-analysis/codebase-analyzer.md","6b9bc9cc85aa0c71a867ffdf861375eda7772e7a1afa8fe513d7efa408ba681d"
"md","component-tdd","bmm","bmad/bmm/testarch/knowledge/component-tdd.md","1acb4c48b2f924f60ed6784955597c17120466d5dc24d2e43e4b0a1bd0e61aae"
"md","contract-testing","bmm","bmad/bmm/testarch/knowledge/contract-testing.md","1d90624821dc9cbbffe41567ec05045b3f5f634c5208ff0151e946520a3d484b"
"md","data-analyst","bmm","bmad/bmm/sub-modules/claude-code/sub-agents/bmad-analysis/data-analyst.md","77d9e6b95c2097a821dbbfbb2944f346ff65a577aefad4792a5a5059080592e7"
"md","data-factories","bmm","bmad/bmm/testarch/knowledge/data-factories.md","c98dab79a9064d45402dbe0a5c25a1d82b53557c56e3f142023bf907e2b98d53"
"md","data-pipeline-architecture","bmm","bmad/bmm/workflows/3-solutioning/templates/data-pipeline-architecture.md","ef2f719601e33e2c1012428c60787a46ea4cef8b4ae2bd49f6c1639d7aa7eee5"
"md","data-questions","bmm","bmad/bmm/workflows/3-solutioning/project-types/data-questions.md","de3391b5000b9f91c43056e85f8ee13ca93301e2f913aab61812e4c367adf552"
"md","deep-dive-instructions","bmm","bmad/bmm/workflows/1-analysis/document-project/workflows/deep-dive-instructions.md","f09689122758ccd6d1374346ef53d3e2ad0c873e5a5d98d118bf7980cf8ad0db"
"md","deep-dive-template","bmm","bmad/bmm/workflows/1-analysis/document-project/templates/deep-dive-template.md","2d098bb425f58d1d49ab5c6b7c1a8c92af9271d281bacafe000fed059a1a206d"
"md","dependency-mapper","bmm","bmad/bmm/sub-modules/claude-code/sub-agents/bmad-planning/dependency-mapper.md","029078feaaba58ba79018ebf39640665af7ab9c00585316b8c5809a5395f5d35"
"md","desktop-app-architecture","bmm","bmad/bmm/workflows/3-solutioning/templates/desktop-app-architecture.md","ef2f719601e33e2c1012428c60787a46ea4cef8b4ae2bd49f6c1639d7aa7eee5"
"md","desktop-questions","bmm","bmad/bmm/workflows/3-solutioning/project-types/desktop-questions.md","89a9c8ad996b6a0a484d39708f06045328b7c0ac75fd656ad72c68f563a5cbb6"
"md","dev","bmm","bmad/bmm/agents/dev.md","44b64bcf9f586ba1e870d4119f0d0e1a89b0fada6c46f78b31a4b3258f52fb08"
"md","document-reviewer","bmm","bmad/bmm/sub-modules/claude-code/sub-agents/bmad-review/document-reviewer.md","24435d1983b21d00a7bf66660e3cf6b9e8d11d745a813c7feb155449d850c7db"
"md","email-auth","bmm","bmad/bmm/testarch/knowledge/email-auth.md","1265f30cdd7b85f164769abf4f6ea86b6abec3acd90653e646a9c9ee17176963"
"md","embedded-firmware-architecture","bmm","bmad/bmm/workflows/3-solutioning/templates/embedded-firmware-architecture.md","ef2f719601e33e2c1012428c60787a46ea4cef8b4ae2bd49f6c1639d7aa7eee5"
"md","embedded-questions","bmm","bmad/bmm/workflows/3-solutioning/project-types/embedded-questions.md","eee579512885f69a88f6af95d520856a7cb391dc9db329568029c97a5819bf14"
"md","epic-optimizer","bmm","bmad/bmm/sub-modules/claude-code/sub-agents/bmad-planning/epic-optimizer.md","23f5444c0edb1e58acf8c895a5c10e25deb5ccd0ae27baf99c6d4b2fa1a5f504"
"md","epics-template","bmm","bmad/bmm/workflows/2-plan-workflows/prd/epics-template.md","9d28ead418bd45b9c30820bdf0d78f7cf5494133c9a9112f1cd3a490b88938aa"
"md","epics-template","bmm","bmad/bmm/workflows/2-plan-workflows/tech-spec/epics-template.md","06f75c8e3e906192312012224627d813f4592fe86de28826db9aec8e8cb0018e"
"md","error-handling","bmm","bmad/bmm/testarch/knowledge/error-handling.md","86c04dd03ff81340eb99bdfe200f8d6a51c99a2199fb80a0046f9cb312d7c440"
"md","extension-questions","bmm","bmad/bmm/workflows/3-solutioning/project-types/extension-questions.md","1dd4209a3f330a9497255fe4fa468ef6a78b404ca0904d4435eda5c511525b45"
"md","feature-flags","bmm","bmad/bmm/testarch/knowledge/feature-flags.md","91d8753aaab3ae974ab9ab5a4651dd39e147fe5ac1b9e74620dd1901efc8e93f"
"md","fighting","bmm","bmad/bmm/workflows/2-plan-workflows/gdd/game-types/fighting.md","a3da81cf6924927931eb7338753ae8a03028a7e5e26a31428c737a151e02950f"
"md","fixture-architecture","bmm","bmad/bmm/testarch/knowledge/fixture-architecture.md","e578e2164ba7d60818a910242d9bc03413724bae3e8e5a5f03192b3c3076d83d"
"md","full-scan-instructions","bmm","bmad/bmm/workflows/1-analysis/document-project/workflows/full-scan-instructions.md","6eb74115749bfa3d0120759d81ba00220835957d400c7f281289be7d8f482ea9"
"md","game-architect","bmm","bmad/bmm/agents/game-architect.md","7d24cb347e44d64c4027fd293b7df6a7d82bbcaea08c3f48b0974689fa7fc1a6"
"md","game-context","bmm","bmad/bmm/workflows/1-analysis/brainstorm-game/game-context.md","d362430b87dfe8a9b8c3bf9ae6820235b0d46bbed326591cbb58acdb5ff70640"
"md","game-designer","bmm","bmad/bmm/agents/game-designer.md","23924f891cd441a1c06a31e8a54e472ed82a0408e6269224fb56978ff54ed42f"
"md","game-dev","bmm","bmad/bmm/agents/game-dev.md","9d9c1b2ac2f0c187461b372224a8f2f84ccad2456ae4095fab733d7b44e4608f"
"md","game-engine-architecture","bmm","bmad/bmm/workflows/3-solutioning/templates/game-engine-architecture.md","21a6baacb8b4380918caa9f902f245ad113899c15c176cc15e8cf1a8f1a9c1e9"
"md","game-engine-godot-guide","bmm","bmad/bmm/workflows/3-solutioning/templates/game-engine-godot-guide.md","8956ff15c58c942e5f399d390dff358f003eabd9dc3fb617044c2b3953563e0c"
"md","game-engine-unity-guide","bmm","bmad/bmm/workflows/3-solutioning/templates/game-engine-unity-guide.md","01e4fb9d9f29d371392c1e9a56dd5d2f21eb5f237731d83a62ba5681996a2c6e"
"md","game-engine-web-guide","bmm","bmad/bmm/workflows/3-solutioning/templates/game-engine-web-guide.md","7d4b144c72b8451afe70e08535fc33021ca1dbe08971154bf78dc3518d23ac82"
"md","game-questions","bmm","bmad/bmm/workflows/3-solutioning/project-types/game-questions.md","7dc4614c482be0a83bb1e3dbfaa65bef7e60f64ee4793ab7e52d9e92e2f95691"
"md","gdd-template","bmm","bmad/bmm/workflows/2-plan-workflows/gdd/gdd-template.md","791dfdf0ac71a2e249984c07ca47938dcc2c602c935547124cb1eeccd3d1fbaf"
"md","horror","bmm","bmad/bmm/workflows/2-plan-workflows/gdd/game-types/horror.md","7ae5d591692bf36b014da7ca3b9683d6dfe744e9a85915bc18b8e8639122a2aa"
"md","idle-incremental","bmm","bmad/bmm/workflows/2-plan-workflows/gdd/game-types/idle-incremental.md","410e8aa9473ef6189bc550de4721336ae3a9a1a82663388a9cea2a42726bd908"
"md","index-template","bmm","bmad/bmm/workflows/1-analysis/document-project/templates/index-template.md","0e077c2d9d9ccb149a64ed82e67914d90571e23696687cf7a08ac5f2a8b18306"
"md","infra-questions","bmm","bmad/bmm/workflows/3-solutioning/project-types/infra-questions.md","cb68dd934716bedf012f6b7d0a9aabcc0b6a6be97573c253b1e62b123abe1079"
"md","infrastructure-architecture","bmm","bmad/bmm/workflows/3-solutioning/templates/infrastructure-architecture.md","ef2f719601e33e2c1012428c60787a46ea4cef8b4ae2bd49f6c1639d7aa7eee5"
"md","instructions","bmm","bmad/bmm/workflows/1-analysis/brainstorm-game/instructions.md","c71dcc7b73d204e749f46212ea8f01cd54c802a323509daab19bc02ce6b33d9a"
"md","instructions","bmm","bmad/bmm/workflows/1-analysis/brainstorm-project/instructions.md","d38703aeecb058bb286447020ca5efc0e3d8d9b7a974b4b8a3f4e41badcd4b32"
"md","instructions","bmm","bmad/bmm/workflows/1-analysis/document-project/instructions.md","8a7e185f030427874881f26146d6c6a4057fb2d3c7cd99e2ff6cee5e5260eef9"
"md","instructions","bmm","bmad/bmm/workflows/1-analysis/game-brief/instructions.md","3f0f8d38547e13d821d4801face8966438ff78f43d0687366679a68e95fdc583"
"md","instructions","bmm","bmad/bmm/workflows/1-analysis/product-brief/instructions.md","4e09b519707138cdda8678609a06e2737cbb23b5c40fbc01019bdd6dcba69a45"
"md","instructions","bmm","bmad/bmm/workflows/1-analysis/workflow-status/instructions.md","354f20350dfc86f584947c949f1ff156abdc8b181dc222fbde19d7409621db8a"
"md","instructions","bmm","bmad/bmm/workflows/2-plan-workflows/prd/instructions.md","b4ee825d7f549d3785171fd315cb139570f6be95864e6cc31a66fe0f4cb3e400"
"md","instructions","bmm","bmad/bmm/workflows/2-plan-workflows/tech-spec/instructions.md","ff91f579f8a957fcc151775922d5b62a5e896ff093c94772ec0ed44c0672511b"
"md","instructions","bmm","bmad/bmm/workflows/3-solutioning/instructions.md","3e516a4fbddc20251117842aea015c575366967a69981b22434b550dd59bc1e5"
"md","instructions","bmm","bmad/bmm/workflows/3-solutioning/tech-spec/instructions.md","e9930aea04df665d120e366772c924cbf85d3db771789ca08a6ff43f37099a0c"
"md","instructions","bmm","bmad/bmm/workflows/4-implementation/correct-course/instructions.md","e573a51a910ee732b906b72824f21b380105dbf71b1d7c6075c434a18d54bb05"
"md","instructions","bmm","bmad/bmm/workflows/4-implementation/create-story/instructions.md","886570b37c177c00aa23b4a69dc40abfe428842c06e5b7e862d5894bcfd247aa"
"md","instructions","bmm","bmad/bmm/workflows/4-implementation/dev-story/instructions.md","9b188192464db69a09f5846e1f360dc84dc69993816b0c4f18d995350acaa548"
"md","instructions","bmm","bmad/bmm/workflows/4-implementation/retrospective/instructions.md","60c46b98c3a6aa4558eddd6759a849a280877ff149a94e64492fddfe151e5a5c"
"md","instructions","bmm","bmad/bmm/workflows/4-implementation/review-story/instructions.md","6b3574da6e63286b41561a4a1830521a5cdadd7614b1b96e81495a3aef0daeb1"
"md","instructions","bmm","bmad/bmm/workflows/4-implementation/story-approved/instructions.md","94dff07e3cc4464041c53471c9fb73575d3c7e4abcf63bba66856226b5363c70"
"md","instructions","bmm","bmad/bmm/workflows/4-implementation/story-context/instructions.md","e82beaf921e7194f82018f5cd99180e46136c91d2e3cafb5fbab7f84e207a155"
"md","instructions","bmm","bmad/bmm/workflows/4-implementation/story-ready/instructions.md","8f3a6af65a27e7d97812032f34cb466ac2f27f2c2120b805853caaae6795fc01"
"md","instructions","bmm","bmad/bmm/workflows/testarch/atdd/instructions.md","be4e111025ca3212c04cc76ae190feb9842b701137fe9ddbb6a9b80fd074e75f"
"md","instructions","bmm","bmad/bmm/workflows/testarch/automate/instructions.md","47239219a10b5807c414a3b8b909f4f92da34d03e787b1aa9b7caf428e276c81"
"md","instructions","bmm","bmad/bmm/workflows/testarch/ci/instructions.md","b49c203fadeeeffe9441e2f0a1b8302453eb863c98dae6e0dcc2778b719e7d34"
"md","instructions","bmm","bmad/bmm/workflows/testarch/framework/instructions.md","8f9b9f5f8b78385c77cf0551d4b017b4daa47b1ec2cd08de161b2880beb4931e"
"md","instructions","bmm","bmad/bmm/workflows/testarch/nfr-assess/instructions.md","87a3b4c3ad2ae8b77b8fcf09778d68f66321911372c91a3741c094c8d9e5e791"
"md","instructions","bmm","bmad/bmm/workflows/testarch/test-design/instructions.md","408018e2acd5550544a49c06a109ce95d299f0fa76077ced64f70bf0394984fd"
"md","instructions","bmm","bmad/bmm/workflows/testarch/test-review/instructions.md","757bfec269f75e86b67c5a4855e5f49d3673577f4bc2aa94027edfd44f9a4cc0"
"md","instructions","bmm","bmad/bmm/workflows/testarch/trace/instructions.md","da09019fbde7e47b7adb75200fa30fa2effefb65f92a59c090c4b48ba4f5c761"
"md","instructions-deep-prompt","bmm","bmad/bmm/workflows/1-analysis/research/instructions-deep-prompt.md","7c2736d7a2f0fa1af86abf02553ddffe2a83cd6d4c7a5ddd5457ded436510b1b"
"md","instructions-gdd","bmm","bmad/bmm/workflows/2-plan-workflows/gdd/instructions-gdd.md","511d4cb79a5a89cb2d845684166403b75edf3d6f64af2808c7ec683c9d399819"
"md","instructions-level0-story","bmm","bmad/bmm/workflows/2-plan-workflows/tech-spec/instructions-level0-story.md","f8d47c54017e0ef4d0fadc78c322c66e1a25a2fdf2c9844d224f0e27cd81dee8"
"md","instructions-level1-stories","bmm","bmad/bmm/workflows/2-plan-workflows/tech-spec/instructions-level1-stories.md","81f86b0f0b43f0367441c2e7b86406acceaf0953e707d1298161f3e6dbccc39d"
"md","instructions-market","bmm","bmad/bmm/workflows/1-analysis/research/instructions-market.md","0a76a4424cab13a0c2cc8b3892d07ab1335ed8987eecf6bb4dbd34c90bb39a56"
"md","instructions-narrative","bmm","bmad/bmm/workflows/2-plan-workflows/narrative/instructions-narrative.md","5cab410a6a233cee18427619d32a4b33a4ad5e7830c1a28f08bb72179a3b8593"
"md","instructions-router","bmm","bmad/bmm/workflows/1-analysis/research/instructions-router.md","851042fa86d847a57d7f7062a712ae4c6a003152abe2a3fce080dd2523b4297b"
"md","instructions-technical","bmm","bmad/bmm/workflows/1-analysis/research/instructions-technical.md","ae06e036c8a479c65b07e820264136aae9e71a523caf3d0828bf6c6b7eb46442"
"md","instructions-ux","bmm","bmad/bmm/workflows/2-plan-workflows/ux/instructions-ux.md","156d7489df9a5887a3e196193e09587499a4739234f898a2555c1040c487efc8"
"md","library-package-architecture","bmm","bmad/bmm/workflows/3-solutioning/templates/library-package-architecture.md","ef2f719601e33e2c1012428c60787a46ea4cef8b4ae2bd49f6c1639d7aa7eee5"
"md","library-questions","bmm","bmad/bmm/workflows/3-solutioning/project-types/library-questions.md","81980b334b5462416631e30e21e66029e0a31c3ce504a463916c87d70fd4aab9"
"md","market-researcher","bmm","bmad/bmm/sub-modules/claude-code/sub-agents/bmad-research/market-researcher.md","b7d82fd51b0e606005203bdf563d6dee3f23cf3beeeafc3620c59567fc49925a"
"md","metroidvania","bmm","bmad/bmm/workflows/2-plan-workflows/gdd/game-types/metroidvania.md","2faa33591d6bac3c0e8c4cafe823d94b9f5f9236a1c22d38683fdb784c156b85"
"md","moba","bmm","bmad/bmm/workflows/2-plan-workflows/gdd/game-types/moba.md","9871adb9aacf4e503f4f339e5028a30ca16916e53770038c5568eb13f961acbb"
"md","mobile-app-architecture","bmm","bmad/bmm/workflows/3-solutioning/templates/mobile-app-architecture.md","ef2f719601e33e2c1012428c60787a46ea4cef8b4ae2bd49f6c1639d7aa7eee5"
"md","mobile-questions","bmm","bmad/bmm/workflows/3-solutioning/project-types/mobile-questions.md","c1113f7450b2a7506949ed03f7de4a7ce2ddc8d8f435ae5b67464c9f8cb3e67d"
"md","narrative-template","bmm","bmad/bmm/workflows/2-plan-workflows/narrative/narrative-template.md","e12110346082ed4cbd444fce0ba0e1cc5c074dfd72ce503f00ce4df24bbf3ef3"
"md","network-first","bmm","bmad/bmm/testarch/knowledge/network-first.md","257fe61ec77020d024f7ddf4f6c5c965f6c4632a469d942278c7337abc8621b7"
"md","nfr-criteria","bmm","bmad/bmm/testarch/knowledge/nfr-criteria.md","5d5f9acfeb6a98f2ef7ee8707bbac3ab37d9c191c443c1e944dee70cf3f9963a"
"md","nfr-report-template","bmm","bmad/bmm/workflows/testarch/nfr-assess/nfr-report-template.md","00438049a57791638941b18cb93a1d07ed2a969f5b725ac78ca77be0f06f7d54"
"md","party-game","bmm","bmad/bmm/workflows/2-plan-workflows/gdd/game-types/party-game.md","7de09c182571046e25d2f4c4bdaa8a1dd2a96c8a50606bcf253ed8ba370ddae1"
"md","pattern-detector","bmm","bmad/bmm/sub-modules/claude-code/sub-agents/bmad-analysis/pattern-detector.md","8ebbb124bf6f1f2eda553fd4a84d181dae7153fce8bf394e88a94b71475e98de"
"md","playwright-config","bmm","bmad/bmm/testarch/knowledge/playwright-config.md","0aad9401ce1f701925ba05f9bf6ff66c13fdf5d797593486de9d0e74a74cf9cd"
"md","pm","bmm","bmad/bmm/agents/pm.md","9ca3b0d40e735096a3379f6eafb888bd37bf584c8eb3db497de4e14c4c5f9b90"
"md","prd-template","bmm","bmad/bmm/workflows/2-plan-workflows/prd/prd-template.md","b558e0857db1c69dc87616975e8ea01abebaa216310c2412a55832f08343e34b"
"md","probability-impact","bmm","bmad/bmm/testarch/knowledge/probability-impact.md","c582f4e681758b8c84ca2de003aa7133913326ac2c398b6c0e802914919b8333"
"md","project-context","bmm","bmad/bmm/workflows/1-analysis/brainstorm-project/project-context.md","5c3096f17fa77bc16380fccbb7c6ab1d1702913057430b9edb7efe50e138b489"
"md","project-overview-template","bmm","bmad/bmm/workflows/1-analysis/document-project/templates/project-overview-template.md","fd1ae5724b19829feb79245b5249c3ebf3cee30d07776939d87c7563e5bf76fd"
"md","puzzle","bmm","bmad/bmm/workflows/2-plan-workflows/gdd/game-types/puzzle.md","0e127487feb570735f166a7e51ecbdd69d7cb7de73439c62ef5e87b6e5b6b8f9"
"md","racing","bmm","bmad/bmm/workflows/2-plan-workflows/gdd/game-types/racing.md","e2c21ad6ae9bfdf1a309dc5a3ba3390dfb7de9a98bdfb4d7723e2c04750c9878"
"md","readme","bmm","bmad/bmm/sub-modules/claude-code/readme.md","f7df4488ca699e1613f4ffe34a5a5ab6ef2108bcbc1c127646968237e98cb6b8"
"md","README","bmm","bmad/bmm/README.md","ff104e79f88440ea74fc058c40e48bef739a668d7702f21257a633b4d40784bb"
"md","README","bmm","bmad/bmm/testarch/README.md","3d025cf5947f8c81559e0a27b907d8f02603f8b34b1813b86c98e4b3ad2609b5"
"md","README","bmm","bmad/bmm/workflows/1-analysis/brainstorm-game/README.md","c4f9598b8c902a2b7cdc6e65e6bb3a0c6acd2776c3b818f70372b418f694be15"
"md","README","bmm","bmad/bmm/workflows/1-analysis/brainstorm-project/README.md","f5cca0a7221e9dc03b8c6fe346b6e48c709f9429bb99b8ccef2e49176937b8a1"
"md","README","bmm","bmad/bmm/workflows/1-analysis/document-project/README.md","16881b700f4495082a30daf7e9559f16414c516e7718bb54d3b8d2748285b317"
"md","README","bmm","bmad/bmm/workflows/1-analysis/document-project/templates/README.md","49436affb09bc6a8736e733ebb87381589984e32c90812ec24fe32f95a5409db"
"md","README","bmm","bmad/bmm/workflows/1-analysis/game-brief/README.md","f555d08aeca8e5cd10c4aafa1b3c6ddcb4690f60ba2b13d4441757b89d11614e"
"md","README","bmm","bmad/bmm/workflows/1-analysis/product-brief/README.md","804c88cadb6ed506129e32e9084e967b8e4e0593bb5e8fab2db300f57b7b32c7"
"md","README","bmm","bmad/bmm/workflows/1-analysis/research/README.md","a0a7f3b12355a7f274b79f84f091da83dba423ebf0005a5699c4ac9904fb0e6c"
"md","README","bmm","bmad/bmm/workflows/1-analysis/workflow-status/README.md","de501870974309fce9fb3edca27b073f37906b69b0449b236b9f0d118b41c8c9"
"md","README","bmm","bmad/bmm/workflows/2-plan-workflows/gdd/README.md","a9d4b7247da9377b5ef0b7642831b9d345c6ebbf5068587e93501192c037ee19"
"md","README","bmm","bmad/bmm/workflows/2-plan-workflows/README.md","13f901520fbda7e5318c806c5af1a414276ae5790fb289679dc9eebbc4524032"
"md","README","bmm","bmad/bmm/workflows/3-solutioning/README.md","226a635c20e0b306a4c6892a0561efb43638a06da7f81c8b9f3372d6344c8041"
"md","README","bmm","bmad/bmm/workflows/3-solutioning/tech-spec/README.md","0bf6b1dc9df003983c6931e24e00cb6b001e6c77d547043eea4f93d5661513ea"
"md","README","bmm","bmad/bmm/workflows/4-implementation/correct-course/README.md","a7cb476509e02eee9a7aabe6d074ab56036c97177a9fd7b6e3b217008d1c8355"
"md","README","bmm","bmad/bmm/workflows/4-implementation/create-story/README.md","b3e8d4962d10d2b478f473465184c8bfdc176f7da9f7a5c3fd741e8be1cfb664"
"md","README","bmm","bmad/bmm/workflows/4-implementation/dev-story/README.md","dff67af5b6ba85b98ccc42e1a607c1f8b4b6787d4e0e20651c57a41e66027626"
"md","README","bmm","bmad/bmm/workflows/4-implementation/retrospective/README.md","41e70838aa9c269addcef252559ad5c2f97c6715b2bf9321e4ef6066239b1b2a"
"md","README","bmm","bmad/bmm/workflows/4-implementation/review-story/README.md","2edf3818ea404ad675bab214314e39757a6fbd6d325d31ccf9bd49879b00bba4"
"md","README","bmm","bmad/bmm/workflows/4-implementation/story-context/README.md","5f04776df98ecc7bf9ae81389cf332c9253c5c5edce3b15b0b8dccccdd542e4b"
"md","README","bmm","bmad/bmm/workflows/README.md","b6d4b286a5705e44dd1a68b313842b880e9cebba440c059bd68952a1e66152ac"
"md","README","bmm","bmad/bmm/workflows/testarch/atdd/README.md","a3399a22a997d7a2a092cc8634092f200b46bbe83b5a41ce4c5bbcfea8d0b4cc"
"md","README","bmm","bmad/bmm/workflows/testarch/automate/README.md","a4d89641c7b9b9e75bdac7394c6c7d6d8448302bd2796f7fcad75da5247b914f"
"md","README","bmm","bmad/bmm/workflows/testarch/ci/README.md","eb05f3f6d41b2ce13898cabf38ece188ae31f3ba34532718ae6a8b0c4fdd47b8"
"md","README","bmm","bmad/bmm/workflows/testarch/framework/README.md","96c71d6fe82f4c0bd6c23579c82cd449a46468cd300c1daa8149f128471ad44a"
"md","README","bmm","bmad/bmm/workflows/testarch/nfr-assess/README.md","61662f8d9d8d8e8aa849edcfb02aa8ecb4600b771791a3fc3a213aa402eeadae"
"md","README","bmm","bmad/bmm/workflows/testarch/README.md","16c681eb55eb641288493331cfda8140e42391f785f5ff5ffce495252f793b08"
"md","README","bmm","bmad/bmm/workflows/testarch/test-design/README.md","2a3636c5e77a93b595b973673dd3f0ac079a7f5ddf4768775c661e0988ff676f"
"md","README","bmm","bmad/bmm/workflows/testarch/test-review/README.md","c7269c2e249fbc9a5e3d96eed4636687ad75e7a54fecc9f7121dde9f0faec7fa"
"md","README","bmm","bmad/bmm/workflows/testarch/trace/README.md","245d35068b2377566566b48c99d5cdbf4b9836155d5831dcac54f847408441c9"
"md","requirements-analyst","bmm","bmad/bmm/sub-modules/claude-code/sub-agents/bmad-planning/requirements-analyst.md","ca413c0982f294816455e85c8e8440e96017f46f2928608f33e4f84b06fd93ad"
"md","rhythm","bmm","bmad/bmm/workflows/2-plan-workflows/gdd/game-types/rhythm.md","099462e504db8de6fe4e6176a2e0667a2beb3700147d733a4e5a44f7aba4d9d1"
"md","risk-governance","bmm","bmad/bmm/testarch/knowledge/risk-governance.md","970d014bb18d273f36bd16f4f2faa4ecae653b54928eddb473a499954ed9c074"
"md","roguelike","bmm","bmad/bmm/workflows/2-plan-workflows/gdd/game-types/roguelike.md","13db5439305b6f8c5a985839552326ca0da359d861251b10f7585b7f123a848c"
"md","rpg","bmm","bmad/bmm/workflows/2-plan-workflows/gdd/game-types/rpg.md","861d9a803a43e4b95f048a0ff274ef56dbbfb8d83fea696237814731ae13e4f4"
"md","sandbox","bmm","bmad/bmm/workflows/2-plan-workflows/gdd/game-types/sandbox.md","404b16e49aefdeda1e022a07fb680a1584c0e1a00ddda003e80eab748e01d270"
"md","selective-testing","bmm","bmad/bmm/testarch/knowledge/selective-testing.md","abe5316924696e5a7dbb68a345b01072ca13894c8d09cd5f77bfe509a7276b5b"
"md","selector-resilience","bmm","bmad/bmm/testarch/knowledge/selector-resilience.md","27017332dd7d25c86ef39bbf8aec4ace89ee05bed56b6fdae639078c9e725d15"
"md","shooter","bmm","bmad/bmm/workflows/2-plan-workflows/gdd/game-types/shooter.md","185d8722cf25471768440921b7b5bdca8bf58464358bd50556811fa0746e3e0c"
"md","simulation","bmm","bmad/bmm/workflows/2-plan-workflows/gdd/game-types/simulation.md","bbb0c3dd09cb4289c2d297aeb49d1b0261151037dd8728fddee8ab7683bfc995"
"md","sm","bmm","bmad/bmm/agents/sm.md","a0da9b1def552901dfd3277aa77c5d8077fd02b570a9cae6dfef1d31d8c092ef"
"md","source-tree-template","bmm","bmad/bmm/workflows/1-analysis/document-project/templates/source-tree-template.md","f0094b1e0a9770c8c408b86f978b660c253fe99affcf2b67e1cf7aa9b40e74cb"
"md","sports","bmm","bmad/bmm/workflows/2-plan-workflows/gdd/game-types/sports.md","f2f582cd89412e803f9714e5f44ee9854ed2d1a2debd588900fc1792756057b7"
"md","strategy","bmm","bmad/bmm/workflows/2-plan-workflows/gdd/game-types/strategy.md","3b453b6e3a70d65ec2428bf53195edcb5c3f194341110f4034d55c9707fac65d"
"md","survival","bmm","bmad/bmm/workflows/2-plan-workflows/gdd/game-types/survival.md","524f50b6929bab7b10dbcc2437002cb79139188594e6d17ceb7abecd76e8b295"
"md","tea","bmm","bmad/bmm/agents/tea.md","a75e5609036fcd9d0f6c87b39e4dd064edd7f46079354ddc8dd7732b97e321c8"
"md","tech-debt-auditor","bmm","bmad/bmm/sub-modules/claude-code/sub-agents/bmad-research/tech-debt-auditor.md","76182176ac024ec31d66017978658352bf7d8250c741ff2eaac632c995670baf"
"md","tech-spec-template","bmm","bmad/bmm/workflows/2-plan-workflows/tech-spec/tech-spec-template.md","5e54c82c540fa5ff5e0c6dfb4a98d3404ef6552c9c9d0a2919a9b7583d65fb1a"
"md","technical-decisions-curator","bmm","bmad/bmm/sub-modules/claude-code/sub-agents/bmad-planning/technical-decisions-curator.md","6d244291bff69d1207c60f0fb8272c43a26537b4d291c4045970bd5aaafc4946"
"md","technical-evaluator","bmm","bmad/bmm/sub-modules/claude-code/sub-agents/bmad-review/technical-evaluator.md","abf1f497d2d82c29931f781067659a03e20574e8050e8c688f22f03c191cc9bc"
"md","template","bmm","bmad/bmm/workflows/1-analysis/game-brief/template.md","f2c83b06e8e403bb946de0bed6e4245c66e3b0202d9790432f56319cb8b661be"
"md","template","bmm","bmad/bmm/workflows/1-analysis/product-brief/template.md","b2c9a254b6ac9acf3dde84885ada8258bbf9d4d140b716e97a5579f137af08fa"
"md","template","bmm","bmad/bmm/workflows/3-solutioning/tech-spec/template.md","deee42ab35e906de0a29c8567d14f04aac63ccee3dd640088588a7758d796572"
"md","template","bmm","bmad/bmm/workflows/4-implementation/create-story/template.md","3f4d3eb9cf295ab8bb7f419269fd146864e4da0568bdaff39a31ced20a79aca1"
"md","template-deep-prompt","bmm","bmad/bmm/workflows/1-analysis/research/template-deep-prompt.md","6d28b09e81f041f59a82d6dbefc8a8f3d7d69493c94d51cc63c31573397c5f2b"
"md","template-market","bmm","bmad/bmm/workflows/1-analysis/research/template-market.md","a3cb7d4050eb09e77a0a868bee30cf18829690668b61a93ae08169c3072bc698"
"md","template-technical","bmm","bmad/bmm/workflows/1-analysis/research/template-technical.md","4380df95993ff46aa0eff46a03c52c3c87f7285859d05f43f95e74aeb502e144"
"md","test-coverage-analyzer","bmm","bmad/bmm/sub-modules/claude-code/sub-agents/bmad-review/test-coverage-analyzer.md","b024bbc7ab909eb70c8af6f56728a151fa263b8d3cd6c2bffb7643a39a8bc8de"
"md","test-design-template","bmm","bmad/bmm/workflows/testarch/test-design/test-design-template.md","20c34e6e25334036262168d23726eba8f0160a3230e7f572ece068bc9c013828"
"md","test-healing-patterns","bmm","bmad/bmm/testarch/knowledge/test-healing-patterns.md","34f05dc40b5ead05d9c68299cb1a46f819338a4c8c928ab550a593e17f2b5464"
"md","test-levels-framework","bmm","bmad/bmm/testarch/knowledge/test-levels-framework.md","5397ad467351c55a6c8ee0d7f2fc6fce3d123a0bee35c01af0f71aa90d8bd0ea"
"md","test-priorities-matrix","bmm","bmad/bmm/testarch/knowledge/test-priorities-matrix.md","9f026da4038166ce8c3cc8aaedc9ca32b99eae75a053d5301c07bc53442a7788"
"md","test-quality","bmm","bmad/bmm/testarch/knowledge/test-quality.md","01552faa4496926c4e4badf03ff7c0b17fbf3e5647c3a79348c6e4932602955e"
"md","test-review-template","bmm","bmad/bmm/workflows/testarch/test-review/test-review-template.md","e415ff04456a35f56d13c631eacdcc9e7e2a0f0f9678dddc0b035fe09b52b200"
"md","text-based","bmm","bmad/bmm/workflows/2-plan-workflows/gdd/game-types/text-based.md","96c1d8cd99377cbebb873c5d660534f7fbfb848f503511eb24a25fe1e25ab4bf"
"md","timing-debugging","bmm","bmad/bmm/testarch/knowledge/timing-debugging.md","74304e8e924f1ae21be4edcdea149442a8ee1d5ad23a5388dc32c0cf3f8135e7"
"md","tower-defense","bmm","bmad/bmm/workflows/2-plan-workflows/gdd/game-types/tower-defense.md","c53a3bcb028d93bede1926d4c4b32a84321fe0ab5238974fe855e86631030b70"
"md","trace-template","bmm","bmad/bmm/workflows/testarch/trace/trace-template.md","f07d3dfde1a75b7e3d574d8c4b95e738b5a2552e3fad89b4741c371141ea0fc4"
"md","trend-spotter","bmm","bmad/bmm/sub-modules/claude-code/sub-agents/bmad-planning/trend-spotter.md","e3d4281fb8c9729562e36430f082d2d85f77156c4ab3b0aca9aa26323010e7ae"
"md","turn-based-tactics","bmm","bmad/bmm/workflows/2-plan-workflows/gdd/game-types/turn-based-tactics.md","5438cbf5fc800facfe724651821ba851231ccb1e26cd83ab658ead9a012c695d"
"md","user-journey-mapper","bmm","bmad/bmm/sub-modules/claude-code/sub-agents/bmad-planning/user-journey-mapper.md","33195c92ece40f024501a7607ff14b5c648394df0dee41f7ba849e618b9a07b6"
"md","user-researcher","bmm","bmad/bmm/sub-modules/claude-code/sub-agents/bmad-planning/user-researcher.md","93db9982168616a80833d56bf7b6f330955058b5d072a2b0775a63fda8e0c0c5"
"md","user-story-template","bmm","bmad/bmm/workflows/2-plan-workflows/tech-spec/user-story-template.md","e9fa4095506d2e787a64cffed4f6ec4e4b88bf2df38abb66a20554c9952ba6a9"
"md","ux-expert","bmm","bmad/bmm/agents/ux-expert.md","37e5cd13cc63849bcf0c43f717b60179e218929ea419e415394d51d5a1b4b1d5"
"md","ux-spec-template","bmm","bmad/bmm/workflows/2-plan-workflows/ux/ux-spec-template.md","23bf9ee4f67748a928edd780042440ea276c1f7fff4c0614907058ccd6666c36"
"md","visual-debugging","bmm","bmad/bmm/testarch/knowledge/visual-debugging.md","c61f70d5f7eb3bb15e34484b874554672c3d78004b70a0eeb9f713abdd520e1f"
"md","visual-novel","bmm","bmad/bmm/workflows/2-plan-workflows/gdd/game-types/visual-novel.md","c069fdf5a0bc18a129cf4ce1362e1b67b627943a0e40bdf46730e92202ea797a"
"md","web-api-architecture","bmm","bmad/bmm/workflows/3-solutioning/templates/web-api-architecture.md","ef2f719601e33e2c1012428c60787a46ea4cef8b4ae2bd49f6c1639d7aa7eee5"
"md","web-fullstack-architecture","bmm","bmad/bmm/workflows/3-solutioning/templates/web-fullstack-architecture.md","c6f3d00d2fef6289ce63c4ca659799044329dcfe9c89f615819b2c1c4b117418"
"md","web-questions","bmm","bmad/bmm/workflows/3-solutioning/project-types/web-questions.md","1e9b426e4340e950b5f7f2ea70c41dc4d99c96f1d504fdf0d97acaa57566bbb8"
"xml","context-template","bmm","bmad/bmm/workflows/4-implementation/story-context/context-template.xml","ba8cc1e91e85a15e4e98ad5ada65ec21cdb50b9dcb28ac69b553d485b44a1953"
"xml","daily-standup","bmm","bmad/bmm/tasks/daily-standup.xml","e0f3c59738e55b0d1720d8942ecb850e6ddf7920190ce9c7ac69bd07c040709e"
"xml","retrospective","bmm","bmad/bmm/tasks/retrospective.xml","e088dd14d68888ee047eb4b479e5e100e530494aa32236bbd577dcca264f8eba"
"yaml","analyst.agent","bmm","bmad/bmm/agents/analyst.agent.yaml",""
"yaml","architect.agent","bmm","bmad/bmm/agents/architect.agent.yaml",""
"yaml","config","bmm","bmad/bmm/sub-modules/claude-code/config.yaml","4126eb5bac7b906374782be0e93cbc249ed521ef1c0f0af328076eba857267b4"
"yaml","config","bmm","bmad/bmm/config.yaml","86e8f3e7b0bbb0a623175005e2b899046f5000f56d001e97e796d43051013a16"
"yaml","deep-dive","bmm","bmad/bmm/workflows/1-analysis/document-project/workflows/deep-dive.yaml","b3e25ae56d4d48b3924e78cf832cf7c684104e10fd0def4f32da0b1c5e1f908d"
"yaml","dev.agent","bmm","bmad/bmm/agents/dev.agent.yaml",""
"yaml","full-scan","bmm","bmad/bmm/workflows/1-analysis/document-project/workflows/full-scan.yaml","a03650fea8628fa5089f5607902700ce581cfd0fae6418c8ae2d8102a95c0beb"
"yaml","game-architect.agent","bmm","bmad/bmm/agents/game-architect.agent.yaml",""
"yaml","game-designer.agent","bmm","bmad/bmm/agents/game-designer.agent.yaml",""
"yaml","game-dev.agent","bmm","bmad/bmm/agents/game-dev.agent.yaml",""
"yaml","github-actions-template","bmm","bmad/bmm/workflows/testarch/ci/github-actions-template.yaml","67b82b70b5b8a9b6bb2dd939ba8b9083f9ce820a4852c791ee990cd680daedc7"
"yaml","gitlab-ci-template","bmm","bmad/bmm/workflows/testarch/ci/gitlab-ci-template.yaml","eca2506e94776c38bca3cb0a8191c8b920af7bdae75d709a04fcccc190b6a66c"
"yaml","injections","bmm","bmad/bmm/sub-modules/claude-code/injections.yaml","f80f6f83ac5da262e165412f45469fbd66e6ca80c36558e478b96079151ccf9d"
"yaml","injections","bmm","bmad/bmm/workflows/1-analysis/research/claude-code/injections.yaml","77c0388a3c0491a2b0dcfd6b2ad4794caace361e17655accae33ac8380834727"
"yaml","pm.agent","bmm","bmad/bmm/agents/pm.agent.yaml",""
"yaml","sm.agent","bmm","bmad/bmm/agents/sm.agent.yaml",""
"yaml","tea.agent","bmm","bmad/bmm/agents/tea.agent.yaml",""
"yaml","team-fullstack","bmm","bmad/bmm/teams/team-fullstack.yaml","1b6629bed516e2a989645023c1f0978ad4bc9cce6afec4c1261cb3dcfee34b5e"
"yaml","team-gamedev","bmm","bmad/bmm/teams/team-gamedev.yaml","3370f8464c42d20943731f099d504dc5152b2713ffa6b140fa0094296f07ceb7"
"yaml","ux-expert.agent","bmm","bmad/bmm/agents/ux-expert.agent.yaml",""
"yaml","workflow","bmm","bmad/bmm/workflows/1-analysis/brainstorm-game/workflow.yaml","759af8be88d2ae0866782baa7b5dce9800dc20c1c057508990c9cad31f0bf009"
"yaml","workflow","bmm","bmad/bmm/workflows/1-analysis/brainstorm-project/workflow.yaml","5374ca4692f69c819a6f912696570e1adb38f9969bccaed2b2a4676f7ae96f2c"
"yaml","workflow","bmm","bmad/bmm/workflows/1-analysis/document-project/workflow.yaml","0fb8610ddfbaafa8df7de7d0440765f24850ebc7b61dafcdcc6f5305f8279176"
"yaml","workflow","bmm","bmad/bmm/workflows/1-analysis/game-brief/workflow.yaml","32e4cd7a21d985b32031306b7c1685e9cd1319a1ad336b6f471cbb76bd13c867"
"yaml","workflow","bmm","bmad/bmm/workflows/1-analysis/product-brief/workflow.yaml","4658c0b3837550f5effdff0c6ebfd025b898a2329080d0f2aa2d44caf51e9224"
"yaml","workflow","bmm","bmad/bmm/workflows/1-analysis/research/workflow.yaml","815468b45a99b65e68d8e412e6715654ee65bdc56c940b1b29652ddf69782a62"
"yaml","workflow","bmm","bmad/bmm/workflows/1-analysis/workflow-status/workflow.yaml","9cac4d7450cc3caf8d861db644bf4614f648b0580fff02684624eeadccec2eb0"
"yaml","workflow","bmm","bmad/bmm/workflows/2-plan-workflows/gdd/workflow.yaml","1a20b450e0912f89d7e4da7d69b985af2146ac87572b54c1a67fdec502b64539"
"yaml","workflow","bmm","bmad/bmm/workflows/2-plan-workflows/narrative/workflow.yaml","85b5bedb9c2e959c443600958f8269917b8a9644349e6a5a00578883efb18447"
"yaml","workflow","bmm","bmad/bmm/workflows/2-plan-workflows/prd/workflow.yaml","0c7b321ce0f6ac877eb597c8c46d23c03caa8b1d0dfcd7fd8de300e75c22f9a6"
"yaml","workflow","bmm","bmad/bmm/workflows/2-plan-workflows/tech-spec/workflow.yaml","31ebdaf183a8443479d60fe36e8998c8680e8957087301777306f21b0d648fab"
"yaml","workflow","bmm","bmad/bmm/workflows/2-plan-workflows/ux/workflow.yaml","4a0948adf99971cae4904a7f011d43dc4ed5b11eaf473ac1033dd5a8cf584382"
"yaml","workflow","bmm","bmad/bmm/workflows/3-solutioning/tech-spec/workflow.yaml","f2a74025c527de32fae5445ed0248ae04f40a8de0f7c40ca9653b49977b9aa1e"
"yaml","workflow","bmm","bmad/bmm/workflows/3-solutioning/workflow.yaml","c72e9ba14dda9c8646ed84137a59b27d1f1079a2aaf449a363e79021591d73c5"
"yaml","workflow","bmm","bmad/bmm/workflows/4-implementation/correct-course/workflow.yaml","e81f5832e24f2419bb7167a89758ab1339c4bb814d830ef40385af45742cb4d3"
"yaml","workflow","bmm","bmad/bmm/workflows/4-implementation/create-story/workflow.yaml","f12be118a2a39c5880fe7de6a74eb3132e3b4f23b7b2c87a2766cb9afeb02492"
"yaml","workflow","bmm","bmad/bmm/workflows/4-implementation/dev-story/workflow.yaml","68cdadf6b6b38d24521d900a0b673498bcd96b60cbc76cd580d1fed5d5f38680"
"yaml","workflow","bmm","bmad/bmm/workflows/4-implementation/retrospective/workflow.yaml","b0ab022e02254ddd432f9a37ef8f19c85cf6cc612f6aee7bcb8c2bd87a008614"
"yaml","workflow","bmm","bmad/bmm/workflows/4-implementation/review-story/workflow.yaml","a36cb9aed31cb74c0b7f15cb0d84289567fea7f026443db2aaf1b1bad9cf61f3"
"yaml","workflow","bmm","bmad/bmm/workflows/4-implementation/story-approved/workflow.yaml","1c02f1edbaa1dd98e88546ff570e5fc779de895942d3c88c926332e99d698329"
"yaml","workflow","bmm","bmad/bmm/workflows/4-implementation/story-context/workflow.yaml","2289b5243485a0ad464738ea2a885e5732314d4392eba95b452055456ac59d09"
"yaml","workflow","bmm","bmad/bmm/workflows/4-implementation/story-ready/workflow.yaml","620fd43fb71727d7df6676539c0ca4bc326b85267150ccfd7c902c68afe7124a"
"yaml","workflow","bmm","bmad/bmm/workflows/testarch/atdd/workflow.yaml","275280caaaaaadc29a987f720e275b3c146e6c042ccf555146297d1d20f411a6"
"yaml","workflow","bmm","bmad/bmm/workflows/testarch/automate/workflow.yaml","281827302cc800a07692cccf3b13f3f5e8a872aa7c31fadaed3ac1ad6611b746"
"yaml","workflow","bmm","bmad/bmm/workflows/testarch/ci/workflow.yaml","752f0f6aca2117536166eb47938c7c6ba4a1f653e77817ba6aade0566b8f4e79"
"yaml","workflow","bmm","bmad/bmm/workflows/testarch/framework/workflow.yaml","7a52519b358e32282e93e11d235bd0cf064a8f4f75cb890f0d5475618e78e187"
"yaml","workflow","bmm","bmad/bmm/workflows/testarch/nfr-assess/workflow.yaml","b18282ce9b4c6e8f99eba4b4192b9b1831e9a444cd2ff3759f9c9598df97a50d"
"yaml","workflow","bmm","bmad/bmm/workflows/testarch/test-design/workflow.yaml","c497ba4784778be61fe0c80acfacc620445022a610f13563eef70e3b88257683"
"yaml","workflow","bmm","bmad/bmm/workflows/testarch/test-review/workflow.yaml","a728c35e56c2bf2f453417c48353a705e4347061cf1b344f5987227628d628d3"
"yaml","workflow","bmm","bmad/bmm/workflows/testarch/trace/workflow.yaml","ae717237108b4b7565651416878b1dbb4673bde98fcd2d8e78e5ea85a42452ea"
"csv","adv-elicit-methods","core","bmad/core/tasks/adv-elicit-methods.csv","465346876d28b6231f21821f0c85bcc5b35b951d48897aaa3b040b35ca7921e5"
"csv","brain-methods","core","bmad/core/workflows/brainstorming/brain-methods.csv","caf4b24a02b3b83acb2ad5b63d69e543bf11e60d68e5f28d2033de489b1c9358"
"md","bmad-master","core","bmad/core/agents/bmad-master.md","80a732093ad399d269c4d3df7513dbacd045866209689461f3fa938c0e2a9838"
"md","instructions","core","bmad/core/workflows/brainstorming/instructions.md","c967ed50a197d961b7e6b89f50b3822c4ba5c9424a90a7edb3fb3f1d53bd8911"
"md","instructions","core","bmad/core/workflows/party-mode/instructions.md","46ed26459ed836cdaf4415b0906ccde62dc7262dfe8821f46e1f90bb3aed2190"
"md","README","core","bmad/core/workflows/brainstorming/README.md","a46f2ffc3975cb50dfb17aa0bca99f54dedbc924f0b989500c3e3a854fbc792b"
"md","template","core","bmad/core/workflows/brainstorming/template.md","b7a918bfe41650cb39a27e1eec4654e947407c605f28f3305c751055d2c4b413"
"xml","adv-elicit","core","bmad/core/tasks/adv-elicit.xml","9c280b15e13757f2fda5ebcd31fb9308110746280d6f88891316966baaa3c791"
"xml","bmad-web-orchestrator.agent","core","bmad/core/agents/bmad-web-orchestrator.agent.xml","46c3e84d0873f8502c84da22401206e31c8479c0838f52db54e77232e90d78ad"
"xml","index-docs","core","bmad/core/tasks/index-docs.xml","480cdeb5a76ed1ad8f786fa45c6e1088a191656856bedf970bcb7afd6a34deac"
"xml","validate-workflow","core","bmad/core/tasks/validate-workflow.xml","1246856059b1b28413575cae31c390d29c7190c697a4b0994152e9ae716ab907"
"xml","workflow","core","bmad/core/tasks/workflow.xml","c96dfe193f003bef64b81c82d506c6186fda9fee4d8b6ac3f4065886fa561a8a"
"yaml","bmad-master.agent","core","bmad/core/agents/bmad-master.agent.yaml",""
"yaml","config","core","bmad/core/config.yaml","afb69ec0bb0c70badad666afe956cecebcecb283d88e43791d90516dd3c40462"
"yaml","workflow","core","bmad/core/workflows/brainstorming/workflow.yaml","56ab5a75d732a20de8b5c2689d7d4182a422ec05fe60aeb54df92a1c01e0296a"
"yaml","workflow","core","bmad/core/workflows/party-mode/workflow.yaml","3c8b31d5592bd8cf8a224fd5c653aa496cb0905c97804a3e485784e978ec2c4d"
